date,hour,min,subj
2013-11-20,16,55,[FreeFood] Olives at campus club!
2013-11-20,19,15,[FreeFood] Free Pizza in Lewis Library Lobby
2013-11-21,16,4,[FreeFood] FREE PiZZA in Frist by the TV lounge
2013-11-21,16,15,[FreeFood] Wine, Brownies, Miscellaneous Snacks in Schultz Lobby
2013-11-22,12,9,[FreeFood] Sandwiches in Frist 247
2013-11-23,17,56,[FreeFood] CHINESE FOOD IN CAMPUS CLUB
2013-11-23,18,50,[FreeFood] Samosas from Mehek in 1937 Basement
2013-11-23,21,45,[FreeFood] Thanksgiving Dinner @ Murray Dodge Caf=?ISO-8859-1?Q?=E9?=
2013-11-24,3,9,[FreeFood] Bunch of Free Stuff in Lockhart Entryway 1
2013-11-24,11,45,[FreeFood] cookies and fruit in wilson commons
2013-11-24,13,40,[FreeFood] lots of sandwiches, soda, and bagels
2013-11-25,17,10,[FreeFood] Soups, sandwiches, and fruit by couches outside of McGraw
2013-11-25,17,10,[FreeFood] Fwd: Free Indian Food!
2013-11-26,13,44,[FreeFood] pizza in math common room (fine 318)
2013-11-27,10,58,[FreeFood] PSA: Murray-Dodge
2013-11-27,15,0,[FreeFood] Assorted sodas (coca-cola, sprite, root beer, etc.) @ Holder Hall Entryway 7
2013-11-30,18,48,[FreeFood] Murray Dodge Cafe is OPEN!
2013-12-03,16,21,[FreeFood] Fwd: Global Recession 2.0: China's Massive Property Bubble
2013-12-03,16,28,[FreeFood] Free food in the taproom!
2013-12-03,17,38,[FreeFood] Study Snacks in the Frist USG Office!
2013-12-03,19,21,[FreeFood] Latkes and jelly donuts in Butler Studio 34
2013-12-04,18,29,[FreeFood] Latkes and Applesauce in the Whitman Common Room!
2013-12-04,19,24,[FreeFood] Sushi in the wilcox commons
2013-12-04,21,45,[FreeFood] Fwd: TODAY: Global Recession 2.0: China's Massive Property Bubble
2013-12-05,13,58,[FreeFood] Pizza & Eggplant Parm in Frist Rainbow Lounge
2013-12-06,10,30,[FreeFood] Cheese, Cider, Dips at McGraw
2013-12-06,13,21,[FreeFood] The McGraw Center Food is Gone
2013-12-06,13,26,[FreeFood] Food at the LGBT Center--cookies, fried chicken, cornbread, mac & cheese...
2013-12-06,14,50,[FreeFood] Dessert in Frist Lobby!
2013-12-06,16,45,[FreeFood] Indian food outside Cafe Viv!
2013-12-07,12,39,[FreeFood] Korean food
2013-12-08,18,20,[FreeFood] 20 cups of pellegrino in holder kitchen
2013-12-08,20,5,[FreeFood] Pizza in Campus Club
2013-12-09,19,12,[FreeFood] Efe's!!
2013-12-10,17,38,[FreeFood] Candy, Chocolate and Cordelia!
2013-12-10,17,45,[FreeFood] Two pizzas and an assortment of delicious looking cookies
2013-12-10,19,15,[FreeFood] Jamba Juice in Butler Studio 34
2013-12-10,19,37,[FreeFood] Hot chocolate, marshmallows In the Rocky Common Room
2013-12-11,13,11,[FreeFood] Indian Food at the LGBT Center
2013-12-11,18,3,[FreeFood] Tons of Chinese Food
2013-12-11,19,23,[FreeFood] Bent Spoon cupcakes and Small World Hot Chocolate
2013-12-11,19,50,[FreeFood] Papa John's in Little
2013-12-12,15,55,[FreeFood] Chinese food in CJL
2013-12-12,19,53,[FreeFood] Cookie decorating, hot chocolate, marshmallows in Murray dodge
2013-12-12,20,26,[FreeFood] Free Small World Coffee at Nassau Literary Review Launch Party
2013-12-13,12,40,[FreeFood] Indian food in Frist LGBT Rainbow Lounge
2013-12-13,14,25,[FreeFood] 2 tubs of ice cream in Holder Kitchen
2013-12-13,19,34,[FreeFood] MURRAY DODGE IS OPEN TONIGHT!
2013-12-14,11,22,[FreeFood] Baby it's cold outside...but it's warm in Murray-Dodge!
2014-01-06,20,3,[FreeFood] Campbell/Joline Kitchen - Breakfast foods
2014-01-07,19,10,[FreeFood] Indian food in rocky
2014-01-08,13,2,[FreeFood] Pizza, cookie and soda@ELE Grad Student Lounge
2014-01-09,17,50,[FreeFood] Pasta, bread, cookies, eggplant parmesian, chicken marsala outside of Wu dining hall
2014-01-10,11,31,[FreeFood] Chinese Food & Veggie Wraps in Frist Rainbow Lounge
2014-01-12,15,53,[FreeFood] Free Indian Food - Paneer Tikka Masala & Naan
2014-01-12,19,51,[FreeFood] Panera bagels + spread
2014-01-13,11,7,[FreeFood] The McGraw Center has Pizza
2014-01-13,22,47,[FreeFood] Papa John's in Holder kitchen
2014-01-14,13,31,[FreeFood] 5 hour energy
2014-01-14,14,45,[FreeFood] Panera Bagels and Cream Cheese in Hamilton Hall
2014-01-17,19,6,[FreeFood] Assorted Snacks in Holder Entryway 6 TV lounge
2014-01-23,12,1,[FreeFood] pizza and garlic bread in joline kitchen
2014-01-25,17,35,[FreeFood] Indian food in Campus Club
2014-01-26,18,35,[FreeFood] Free cookies and lemonade in the USG Office (Frist 204)
2014-01-27,15,22,[FreeFood] Indian food in Rocky common room
2014-01-27,16,30,[FreeFood] So much Indian food in Campus Club
2014-01-28,18,41,[FreeFood] d'angelo's italian cookies and vegetable pasta
2014-01-29,14,45,[FreeFood] Thai in Murray-Dodge?
2014-01-30,12,29,[FreeFood] Free Food on tables near outside 328 Frist
2014-01-30,15,40,[FreeFood] cake on table outside cafe Viv
2014-01-30,18,38,[FreeFood] LOTS OF PIZZA AND SALAD IN FRIST
2014-01-31,9,8,[FreeFood] leftover bagels and cookies outside Frist 328
2014-01-31,16,45,[FreeFood] Free Olive's in the Mathey Common Room!
2014-02-02,19,45,[FreeFood] FRIST 5 Veggie Hoagies and Buffalo Wings
2014-02-03,8,53,[FreeFood] BAGELS!!
2014-02-03,9,35,[FreeFood] Panera Bagels and Cream Cheese in Frist!
2014-02-03,17,44,[FreeFood] Authentic stir fry in dod basement
2014-02-04,18,15,[FreeFood] PIZZA-- EAST PYNE LOBBY
2014-02-05,8,13,[FreeFood] sandwiches at Frist
2014-02-06,9,57,[FreeFood] [Free Food] Some fish, lots of mushroom
2014-02-06,15,15,[FreeFood] leftover pizza outside 328 Frist
2014-02-06,16,20,[FreeFood] Leftover pizza in McCormick
2014-02-06,16,29,[FreeFood] Lasagna and cookies and salad
2014-02-06,20,7,[FreeFood] Peanut pancake and chicken wings @ Wilcox Commons!
2014-02-07,17,51,[FreeFood] Food in Frick
2014-02-07,18,30,[FreeFood] Indian Food in Mathey Common Room
2014-02-08,12,27,[FreeFood] Tons of sandwiches in the LGBT center!
2014-02-12,17,35,[FreeFood] Lots of Chocolate in Campus Club in 30 minutes!
2014-02-13,20,18,[FreeFood] Free Chinese green beans in Wilcox Commons!!
2014-02-14,10,27,[FreeFood] Sandwiches sodas and desserts
2014-02-14,11,12,[FreeFood] yummy sandwhiches at Frist
2014-02-14,15,41,[FreeFood] MUSIC AND COOKIES
2014-02-14,18,59,[FreeFood] George's on Second floor bloomberg study room (Low number, elm street side)
2014-02-14,21,20,[FreeFood] Hot drinks cookies and brownies!
2014-02-15,11,52,[FreeFood] Pizza in LGBT Center
2014-02-15,18,1,[FreeFood] Free pizza in frist cafeteria area
2014-02-16,8,3,[FreeFood]
2014-02-16,16,44,[FreeFood] Free Chinese Food
2014-02-16,16,48,[FreeFood] Pizza in Edwards basement
2014-02-16,20,37,[FreeFood] Starbucks coffee in 1915 until midnight
2014-02-17,15,1,[FreeFood] Ice cream in Campus Club Tuesday night at 9!
2014-02-17,19,20,[FreeFood] 3rd floor Sherrerd
2014-02-18,18,7,[FreeFood] Free Ice Cream and Toppings in Campus Club
2014-02-18,19,5,[FreeFood] Slice Between Pizza
2014-02-18,21,46,[FreeFood] Fwd: Coke, Diet Coke, and Pepsi
2014-02-20,9,47,[FreeFood] [Free Food] Some Chinese food: Cabbage, pork, broccoli
2014-02-20,19,15,[FreeFood] General Tso's Chicken & White Rice -- Bloomberg Lounge (353)
2014-02-21,11,40,[FreeFood] Rice and Chicken in Frist 247!!!
2014-02-21,15,23,[FreeFood] BROWNIES
2014-02-21,18,40,[FreeFood] Chicken Parm & Lasagna
2014-02-21,21,35,[FreeFood] Free Olives Food in Little
2014-02-21,22,2,[FreeFood] Free Cake at Cafe Antoine (Hamilton Hall)
2014-02-22,11,19,[FreeFood] Salad sandwiches Mac and cheese cookies rice and green beans
2014-02-22,11,44,[FreeFood] Sandwiches and soda in the rainbow lounge
2014-02-24,16,41,[FreeFood] sodas in rocky common room
2014-02-25,15,9,[FreeFood] Box of Pizza + Cupcakes in Frist
2014-02-25,18,53,[FreeFood] Pizza, burgers, fries
2014-02-26,18,38,[FreeFood] Taco Bell
2014-02-26,19,20,[FreeFood] Gone!! Re: Taco Bell
2014-02-26,19,50,[FreeFood] FREE WINE IN HOLDER BASEMENT
2014-02-27,16,0,[FreeFood] Leftover Chinese Food
2014-02-27,18,38,[FreeFood] Frist 302 sandwiches chips cookies sodas
2014-02-27,20,22,[FreeFood] Olive's Greek Food and Desserts
2014-02-28,10,24,[FreeFood] sandwiches, grilled cheese, pasta salad
2014-02-28,18,12,[FreeFood] CHEEBURGER and KARAOKE
2014-02-28,18,17,[FreeFood] Karaoke and cheeburger cheeburger in wilson blackbox now!!!!
2014-02-28,18,38,[FreeFood] Fwd: Bhakti Vedanta Institute Meditation/Discussion Notice
2014-02-28,20,19,[FreeFood] Tandoori bite - Wilcox commons
2014-03-03,18,20,[FreeFood] Free Food in Murray Dodge
2014-03-04,12,51,[FreeFood] FREE PANCAKES at 6:15 in Procter House (across University Place from Foulke Hall)
2014-03-04,18,26,[FreeFood] Free Burritos!
2014-03-04,19,28,[FreeFood] Tsweets in the Mathey common room!
2014-03-05,19,50,[FreeFood] Papa John's In Bloomberg
2014-03-06,15,58,[FreeFood] Pizza pie outside Studio 34!
2014-03-06,18,30,[FreeFood] Neon colored food and candy
2014-03-07,11,22,[FreeFood] Delicious Greek Food
2014-03-07,12,41,[FreeFood] Study Break @McGraw Now until 4:30pm with Free Food
2014-03-07,13,51,[FreeFood] Olives' pastries outside Frist Rainbow Lounge
2014-03-07,18,30,[FreeFood] Free chocolate!
2014-03-08,13,56,[FreeFood] Free Bent Spoon Cupakes @ 7
2014-03-08,17,58,[FreeFood] Leftover birthday cake
2014-03-08,17,21,[FreeFood] Cupcakes and Neuro Mocktails
2014-03-09,16,36,[FreeFood] free powda donuts in Frist 206
2014-03-10,16,45,[FreeFood] Naked Pizza and Salad in Murray-Dodge
2014-03-10,17,12,[FreeFood] Free food in the USG Office (Frist 204)
2014-03-10,18,50,[FreeFood] Free House of Cupcakes/ Olives
2014-03-12,15,59,[FreeFood] Indian food in Murray Dodge
2014-03-13,20,1,[FreeFood] Indian food @ front of Wu dining hall
2014-03-15,22,8,[FreeFood] Chocolate Chip Cookies in MURRAY DODGE
2014-03-17,15,33,[FreeFood] Indian food in Rocky Common Room
2014-03-18,16,17,[FreeFood] Muffins in wu
2014-03-24,16,30,[FreeFood] Afghan food in Murray-Dodge!
2014-03-24,16,56,[FreeFood] Tons of snacks in the USG Office (Frist 204)
2014-03-25,16,19,[FreeFood] Thai village
2014-03-25,19,30,[FreeFood] Couscous, lamb and chicken in Butler Studio 34
2014-03-26,11,15,[FreeFood] Free Food in Frist 247!!
2014-03-26,20,9,[FreeFood] 3 samosas and mango lassi
2014-03-26,20,54,[FreeFood] Bent Spoon Hot Chocolate and Peanut Butter Cookies
2014-03-27,20,0,[FreeFood] Mediterranean Delicious Sandwiches outside Frist 309
2014-03-27,22,15,[FreeFood] Pretzels, frist
2014-03-28,12,45,[FreeFood] McGraw Happy Hour Food!
2014-03-28,16,23,[FreeFood] Friend convocation room
2014-03-28,20,1,[FreeFood] Chinese food
2014-03-29,19,4,[FreeFood] Free Food from Business Bistro
2014-03-29,20,11,[FreeFood] ICS Chocolate in Murray Dodge
2014-03-30,7,40,[FreeFood] Breakfast from Business Bistro
2014-03-30,13,38,[FreeFood] Massive number of sandwiches
2014-03-30,19,11,[FreeFood] Warm Pecan Pie and Cinammon Cake!
2014-03-30,21,20,[FreeFood] Leftover pjs in Wilcox commons
2014-03-31,17,14,[FreeFood] tons of fancy italian food in Murray Dodge
2014-03-31,17,24,[FreeFood] Free food in the USG office!
2014-04-01,16,4,[FreeFood] cheese pizza and cookies/brownies in mcgraw!!!!!!
2014-04-01,17,51,[FreeFood] Rocky Common Room.
2014-04-01,18,56,[FreeFood] Masala grill
2014-04-02,20,44,[FreeFood] Best pizza in NJ!!!
2014-04-03,11,13,[FreeFood] Say Cheez - Frist by the box office
2014-04-03,13,44,[FreeFood] Free food outside Friend 101!
2014-04-03,13,46,[FreeFood] CAKE
2014-04-03,17,54,[FreeFood] Deangolos italian spread - Bogle
2014-04-03,18,44,[FreeFood] Couch outside of Laughlin entry 5
2014-04-03,19,6,[FreeFood] tandoori bite in forbes mpr!
2014-04-04,11,54,[FreeFood] Free Pizzas in Frist 247
2014-04-04,12,31,[FreeFood] McGraw Happy Hour Food!
2014-04-04,16,10,[FreeFood] Bent spoon, pretzels and soda
2014-04-04,16,45,[FreeFood] TON of food in Whig Hall Oakes Lounge
2014-04-05,8,15,[FreeFood] panera bagels and cream cheese and whipped butter in frist
2014-04-05,10,22,[FreeFood] South Indian food
2014-04-05,10,55,[FreeFood] Ichan!
2014-04-05,11,40,[FreeFood] Immense amounts of sandwiches in Frist MPR C
2014-04-05,12,15,[FreeFood] Moar food @ Frist pool tables
2014-04-05,12,25,[FreeFood] Sandwiches in Witherspoon Hall
2014-04-05,17,10,[FreeFood] Brownies and cookies
2014-04-05,17,30,[FreeFood] And then there was dessert
2014-04-05,18,30,[FreeFood] 500 free cans of water and soda in campus club
2014-04-05,19,35,[FreeFood] Free sushi at Frist, by Witherspoon Cafe!
2014-04-05,20,5,[FreeFood] Tandoori Bite in Whitman Dining Hall
2014-04-07,16,22,[FreeFood] Free Olives outside Lewis Library
2014-04-09,18,0,[FreeFood] Free Food Sat. REMINDER: Conference Saturday--Barclays, DB, CS, GS, Scoggin Capital, Excel Financial Modeling workshop, and others
2014-04-10,18,35,[FreeFood] Almost free food!!!
2014-04-10,18,36,[FreeFood] Small pastries next to the Welcome Desk in Frist
2014-04-11,12,44,[FreeFood] McGraw Happy Hour Food!
2014-04-11,13,14,[FreeFood] McGraw Still Has Food
2014-04-11,13,15,[FreeFood] Leftover Indian food in LGBT Center
2014-04-11,14,56,[FreeFood] [Pride] Craving some ice cream?
2014-04-11,15,14,[FreeFood] Free Food Tonight AT 7:30 in Frist MPR!
2014-04-11,17,9,[FreeFood] Pizza @ frist
2014-04-12,14,31,[FreeFood] Shrimp & Sweet Tray outside Robertson 002
2014-04-13,15,32,[FreeFood] Chicken Wings on Frist 100 Level!
2014-04-14,18,3,[FreeFood] In Murray Dodge
2014-04-15,15,57,[FreeFood] Sushi and desserts in friend for next 15 min
2014-04-15,17,46,[FreeFood] Pop Eyes, Twist, Cheeburger, Panera, T- Sweets, and more!
2014-04-17,13,32,[FreeFood] OLIVES with Award-Winning Brazilian Documentary ELENA, Discussion with Director and Faculty to Follow!
2014-04-17,15,48,[FreeFood] Olives!
2014-04-18,13,23,[FreeFood] Free Food in Frist 247
2014-04-18,14,23,[FreeFood] CS Tea Room (2nd floor): Free sandwiches / salads / snacks!
2014-04-18,18,23,[FreeFood] Cupcakes, Cupcakes, Pretzels
2014-04-18,20,1,[FreeFood] BBQ @ POE FIELD--TOMORROW 1:30PM
2014-04-19,12,39,[FreeFood] Bagels, OJ, pizza in CS lobby
2014-04-19,13,57,[FreeFood] Bagels, Coffee, and Cream Cheese
2014-04-19,14,25,[FreeFood] BAGELS COFFEE CREAM CHEEZE BLAIR TOWER T3
2014-04-19,18,1,[FreeFood] Free salsa class and Taste of Mexico!
2014-04-19,19,38,[FreeFood] more Mexican food than you can eat
2014-04-20,20,21,[FreeFood] Chocolate ice cream, mango sorbet, and mini pb cups
2014-04-22,17,55,[FreeFood] Sandwiches, chips, drinks, cookies
2014-04-23,19,45,[FreeFood] Fruit, Cookies, Brownies @ Frist 100 Level
2014-04-23,19,49,[FreeFood] Thai food
2014-04-24,10,17,[FreeFood] Chicken Fingers, Mac and Cheese and Pizza in Friend Convocation Room
2014-04-24,17,15,[FreeFood] Indian Food in Murray Dodge
2014-04-24,20,18,[FreeFood] STAR PARTY
2014-04-24,21,18,[FreeFood] Chez Alice baked goods
2014-04-24,22,50,[FreeFood] pizza and coke
2014-04-24,23,39,[FreeFood] chips ahoy and pizza
2014-04-25,8,52,[FreeFood] FROYO FRIDAY
2014-04-25,11,48,[FreeFood] Chinese Food in the LGBT Center
2014-04-25,16,59,[FreeFood] Free food + PAST Event
2014-04-25,17,1,[FreeFood] Oops -PAST Event now
2014-04-25,18,58,[FreeFood] Earth Day Picnic!
2014-04-25,19,54,[FreeFood] FREE SPANISH FOOD
2014-04-26,14,37,[FreeFood] Hoagies in architecture entrance
2014-04-26,15,28,[FreeFood] Brownies, drinks, other snacks outside Aaron Burr 219
2014-04-26,15,44,[FreeFood] So much South Indian food in Murray Dodge
2014-04-27,13,11,[FreeFood] Sandwiches, salad, cookies outside Aaron Burr 216
2014-04-27,14,44,[FreeFood] Cookies & Juices in East Pyne
2014-04-27,16,49,[FreeFood] SO MUCH Moe's in Wilson Commons
2014-04-28,17,37,[FreeFood] Free food in the USG Office (Frist 204)
2014-04-28,22,21,[FreeFood] double stuff oreos and milk
2014-04-29,15,10,[FreeFood] Fwd: 2014 Spring MedTalks!!!
2014-04-29,15,44,[FreeFood] Free Cupcakes! PCFC MarketWatch Event!
2014-04-29,18,48,[FreeFood] Pancakes!
2014-04-29,19,27,[FreeFood] Ice cream sundaes in Butler Studio 34
2014-04-29,19,34,[FreeFood] Mac & Cheese in Mathey Common Room
2014-04-30,15,57,[FreeFood] Hummus, veggies, pita, drinks in East Pyne Basement
2014-04-30,17,16,[FreeFood] Tons and tons of Italian food
2014-05-01,11,8,[FreeFood] Indian Food
2014-05-01,19,51,[FreeFood] Pizza at Frist tables
2014-05-01,19,53,[FreeFood] Frist 307
2014-05-03,18,46,[FreeFood] Cookies and Brownies!
2014-05-03,19,13,[FreeFood] Cookies, cupcakes, cheese, veggies in front of Frist
2014-05-03,20,10,[FreeFood] Free Flowers!!!!!
2014-05-03,20,28,[FreeFood] African food in frist
2014-05-05,11,37,[FreeFood] free food in dodd hall
2014-05-05,11,47,[FreeFood] sorry, ignore this email
2014-05-05,12,19,[FreeFood] Free food in Whig
2014-05-05,14,36,[FreeFood] Sushi, House of Cupcakes, and an amazing exhibition!
2014-05-06,13,52,[FreeFood] Dod courtyard
2014-05-06,19,12,[FreeFood] Rocky common room pretzels
2014-05-06,19,22,[FreeFood] HOAGIE HAVEN in Butler Studio 34
2014-05-06,19,23,[FreeFood] Chez Alice Cakes
2014-05-06,20,43,[FreeFood] NAAN AND RICE STUFF CHICKPEA-LADEN INDIAN FOOD
2014-05-06,22,22,[FreeFood] FRIST BASEMENT MPR- Chips, pretzels, pita, olives, brownies, and more
2014-05-06,22,27,[FreeFood] Subway Sandwiches & Cookies!
2014-05-07,17,48,[FreeFood] Free Chinese food!!!
2014-05-07,19,22,[FreeFood] Free Snacks, Orange juice, Harribo, Sprite, Tostitos etc.
2014-05-08,10,22,[FreeFood] Cupcakes & Mocktails
2014-05-08,11,15,[FreeFood] Mimosas and bent spoon at TI
2014-05-08,11,41,[FreeFood] Ice cream, sandwiches, lemonade, pigs in a blanket
2014-05-08,16,36,[FreeFood] Greek Food Platter Outside Frist Welcome Desk
2014-05-08,16,53,[FreeFood] GOOD Chinese Food Holder Basement (entryway 6)!
2014-05-08,17,40,[FreeFood] At 9pm TONIGHT: Pizza, Wings, House of Cupcakes in Fields Center
2014-05-08,18,36,[FreeFood] Free snacks and drinks in Rocky Common Room!
2014-05-08,20,20,[FreeFood] Hot choc & Oregon chai mix
2014-05-08,20,28,[FreeFood] Indian food in fields center patio out front
2014-05-08,23,2,[FreeFood] Brownies, tortilla chips and diet coke in frist
2014-05-09,9,27,[FreeFood] McGraw Center Has Cake
2014-05-09,13,4,[FreeFood] Free Sandwiches in Frist 247
2014-05-09,13,13,[FreeFood] Ice cream at Wilson courtyard
2014-05-09,16,3,[FreeFood] Indian food in Murray dodge
2014-05-09,16,41,[FreeFood] Sandwiches in butler amphitheater
2014-05-10,7,58,[FreeFood] FREE SUSHI, CUPCAKES, AND FILMS STUDY BREAK ON THURSDAY!!!
2014-05-10,15,48,[FreeFood] Soda and snacks outside the Rocky-Mathey theater
2014-05-10,19,53,[FreeFood] I SCREAM
2014-05-10,21,24,[FreeFood] Free food in Wilcox Commons!
2014-05-12,21,26,[FreeFood] bagels& cream cheese and hot coffee in rocky dining hall
2014-05-13,18,41,[FreeFood] Olives! Rocky Common Room!
2014-05-13,19,11,[FreeFood] DELICIOUS SLICE BETWEEN PIZZA
2014-05-13,21,7,[FreeFood] QDOBA Campus Club
2014-05-13,22,13,[FreeFood] Hummus Blair Kitchen
2014-05-15,13,2,[FreeFood] SUSHI + CUPCAKES TONIGHT!!!!!!!!
2014-05-15,18,22,[FreeFood] Free House of Cupcakes!
2014-05-15,19,2,[FreeFood] [Free Foood] Fields Center
2014-05-15,19,59,[FreeFood] Cake in Frist
2014-05-16,11,50,[FreeFood] Spicy Stuff+Rice
2014-05-16,12,10,[FreeFood] Bubble tea, fro-yo, and Subway!
2014-05-16,12,57,[FreeFood] Free Subway Sandwiches in Frist 247!
2014-05-16,19,18,[FreeFood] Chocolote chip cookies in witherspoon 4th floor kitchen
2014-05-16,20,26,[FreeFood] Chips and popcorn
2014-05-16,20,29,[FreeFood] There's more
2014-05-17,15,12,[FreeFood] Hoagie Haven in Bowen
2014-05-18,8,43,[FreeFood] Panera bagels and danishes in Robertson!
2014-05-18,19,49,[FreeFood] Vanilla confetti cake + cookies and cream ice cream
2014-05-18,20,52,[FreeFood] ustore sushi
2014-05-19,10,4,[FreeFood] 10+ Panera bagels in the Architecture Building!
2014-05-19,20,23,[FreeFood] Chipotle Chips and Guac+Pico de Gallo
2014-05-20,16,2,[FreeFood] leftover cheese pizza & cookie pie from papa johns
2014-05-20,16,5,[FreeFood] Platter of pastries above Wu dining hall
2014-05-20,16,56,[FreeFood] Pasta salad, brownies, watermelon, and salad!
2014-05-20,16,59,[FreeFood] Actually, Rocky Common Room
2014-05-20,18,25,[FreeFood] ICE CREAM
2014-05-20,21,32,[FreeFood] random assortment of things... claim in the next 30 mins
2014-05-21,12,7,[FreeFood] 2 boxes of pizza in Murray dodge
2014-05-21,16,35,[FreeFood] Chinese Food at Studio 34
2014-05-21,17,57,[FreeFood] Potato salad, regular salad and assorted sandwiches
2014-05-22,19,29,[FreeFood] tazo tea
2014-05-22,20,22,[FreeFood] Coca Cola and Sprite!
2014-05-22,23,52,[FreeFood] Indian Appetizers
2014-05-23,9,12,[FreeFood] half a dozen bottles of snapple
2014-05-23,9,38,[FreeFood] TONS OF FREE FOOD
2014-05-23,20,16,[FreeFood] Free cheese (bleu and Brie) by pool tables in Frist
2014-05-24,10,13,[FreeFood] Drinks
2014-05-24,10,45,[FreeFood] Choc milk (a case) outside of holder 78
2014-05-26,10,31,[FreeFood] Free sandwiches
2014-05-28,17,46,[FreeFood] Cleaning out co-op, free ice cream, produce, and milk
2014-05-28,22,55,[FreeFood] Pasta!
2014-05-31,10,51,[FreeFood] [Free Food] Sandwiches by McCosh 10
2014-05-31,11,26,[FreeFood] Food behind Chancellor Green
2014-05-31,12,32,[FreeFood] Cookie Baking Ingredients at Murray Dodge Cafe
2014-06-01,10,34,[FreeFood] Tortilla chips, Goldfish, Pretzels!
2014-06-01,17,6,[FreeFood] Free couch
2014-06-01,18,53,[FreeFood] food in frist!!
2014-06-02,14,8,[FreeFood] Strawberries and veggie platter - Witherspoon kitchen
2014-06-02,14,25,[FreeFood] BaGz oF cHeWies @ sOuTh LaWn -- Na$$aU hAL
2014-06-02,14,41,[FreeFood] Brownies and cookies
2014-06-02,14,49,[FreeFood] Cookies and cheese cubes
2014-06-02,18,24,[FreeFood] Rice, pasta, soup, cans of other items, peanut butter
2014-06-03,4,21,[FreeFood] Little Basement
2014-06-03,18,10,[FreeFood] Free Trader Joes baking mix + more in Wendell B310
2014-06-03,18,54,[FreeFood] About 80 free Fla-Vor-Ice popsicles in Whitman!
2014-06-03,19,14,[FreeFood] Ice cream!
2014-06-03,22,28,[FreeFood] Free Alcohol
2014-06-03,22,29,[FreeFood] Free beer, cider, raspberitas
2014-06-04,1,18,[FreeFood] More free alc
2014-06-04,1,57,[FreeFood] Box of food spelman 32
2014-06-04,7,53,[FreeFood] Free household supplies
2014-06-04,10,29,[FreeFood] 6 stuffed animals need a home
2014-06-04,11,23,[FreeFood] Free food outside Spelman laundry room
2014-06-04,21,54,[FreeFood] Stolen flower bicycle, Spelman entryway 4
2014-06-05,18,52,[FreeFood] Blue and white bike stolen from jadwin gym fence
2014-08-04,14,48,[FreeFood] Subway sandwiches
2014-08-09,16,2,[FreeFood] Indian food
2014-08-31,8,37,[FreeFood] Breakfast food
2014-09-05,14,59,[FreeFood] Dinner food in front of Dillon gym
2014-09-05,16,28,[FreeFood] 2 boxes pizza and diet coke with cups
2014-09-06,15,40,[FreeFood] papa john's pizza in Dod kitchen
2014-09-06,19,13,[FreeFood] Barely touched coffee
2014-09-09,8,21,[FreeFood] Free BBQ, Pizza, and more at Fields Center today!
2014-09-09,11,33,[FreeFood] free unopened bag of spinach tortillas in SPOON 203
2014-09-11,18,17,[FreeFood] Panera sandwiches in Lewis 120!
2014-09-12,16,9,[FreeFood] FREE CHINESE FOOD CAMPUS CLUB
2014-09-13,21,56,[FreeFood] Pizza in Dodd basement
2014-09-14,19,43,[FreeFood] Pizza in Campus Club
2014-09-15,15,51,[FreeFood] Food in Wu Cafe
2014-09-15,16,48,[FreeFood] Pasta in Murray dodge
2014-09-16,18,3,[FreeFood] Ice Cream outside Frist 302
2014-09-16,19,36,[FreeFood] Pizza in Whitman Common Room!
2014-09-17,10,6,[FreeFood] Sandwiches in Dod kitchen
2014-09-17,15,15,[FreeFood] Soul Food in Murray Dodge.
2014-09-17,19,39,[FreeFood] Pizza & Deserts in Campus Club
2014-09-18,16,3,[FreeFood] Sandwiches in Marx 101
2014-09-19,12,25,[FreeFood] Pretzels, Muffins, Cookies, Sandwiches NOW at Career Services!
2014-09-19,13,22,[FreeFood] Wraps, Chicken & Salad in the Rainbow Lounge in Frist
2014-09-20,5,17,[FreeFood] FREE BAGELS AT...
2014-09-20,7,26,[FreeFood] Bagels in Frist
2014-09-20,17,20,[FreeFood] Bagels & sandwiches
2014-09-21,11,25,[FreeFood] [Free Food] Pizza and Cookies in McGraw
2014-09-21,17,19,[FreeFood] More sammiches
2014-09-22,16,35,[FreeFood] PIZZA!
2014-09-24,11,11,[FreeFood] Chicken, beef, hummus, pita, rice
2014-09-24,18,4,[FreeFood] Cookies in holder 4b
2014-09-24,18,52,[FreeFood] 3 pizzas in frist tv lounge
2014-09-25,10,13,[FreeFood] Apples and honey in the Mathey common room
2014-09-25,10,46,[FreeFood] Sandwiches at campus club
2014-09-25,17,29,[FreeFood] Sandwiches at Butler College '42 Lounge
2014-09-25,17,57,[FreeFood] Lotza pizza
2014-09-26,11,48,[FreeFood] Wraps and Salad in the Rainbow Lounge
2014-09-26,15,15,[FreeFood] fancy pizza in the lobby of the Lewis Center (185 Nassau)
2014-09-26,18,0,[FreeFood] Froyo, Bubble Tea, and Pizza for the OWYT Study Break
2014-09-26,18,38,[FreeFood] Pasta, Caesar salad and hors d'oeuvres in front of East Pyne 10!
2014-09-26,18,38,[FreeFood] Pasta, Caesar salad and hors d'oeuvres in front of East Pyne 10!
2014-09-28,9,31,[FreeFood] Hummus, pita, veggies, bread, bagels... Friend near 101
2014-09-28,11,6,[FreeFood] Sandwiches and cookies in front of McGraw
2014-09-28,11,31,[FreeFood] Bagels + a few sandwiches in Campus Club dining room
2014-09-28,13,0,[FreeFood] Lettuce and Snack Pack Pudding
2014-09-29,16,29,[FreeFood] Pizza in Lewis 120
2014-09-30,16,14,[FreeFood] Veggie Pizza in Frist
2014-09-30,16,18,[FreeFood] Pizza outside Frist 309
2014-09-30,17,11,[FreeFood] Chips, Oreos, Wheat Thins, Pretzels, Cookies in Frist 204
2014-10-01,10,46,[FreeFood] Pasta and salad
2014-10-02,15,4,[FreeFood] Snacks at MPR B
2014-10-03,13,38,[FreeFood] Leftover sandwiches & mediterranean food that will be thrown away in 15 minutes
2014-10-03,18,12,[FreeFood] Pizza in Robertson!
2014-10-04,11,38,[FreeFood] Free apples and bananas in Wilcox commons! Get 'em while they last! *****
2014-10-04,16,46,[FreeFood] Chicken Fajitas and Rice
2014-10-04,19,1,[FreeFood] Sandwiches, cookies, pastries frist first floor
2014-10-05,12,34,[FreeFood] pizza and soda in whig senate chamber
2014-10-05,15,38,[FreeFood] Cannon Green Feed event
2014-10-06,14,28,[FreeFood] Pizza + Soda at Equad B205
2014-10-06,16,18,[FreeFood] Pizza and Soda outside of CS 105
2014-10-06,18,31,[FreeFood] Friend basement outside 004 fresh fruit, pretzels, dip,
2014-10-06,18,52,[FreeFood] Delicious Fresh Crunchy Vegetables- Frist first floor, opposite the pool tables
2014-10-06,20,19,[FreeFood] free indian food at frist
2014-10-07,17,8,[FreeFood] Free food in the USG Office (Frist 204)
2014-10-07,18,9,[FreeFood] Pizza in Rocky Common Room!
2014-10-08,16,31,[FreeFood] free food in women;s center
2014-10-08,18,25,[FreeFood] SUSHI IN WHIG BASEMENT
2014-10-08,19,42,[FreeFood] Chipotle from DREAM Team & PLA
2014-10-08,20,3,[FreeFood] Sushi in Yoseloff A211 (from RCA Study Break)
2014-10-08,20,14,[FreeFood] Vegan Indian food (rice, channa masala [chickpeas], pakoras) at Murray Dodge lobby
2014-10-09,15,4,[FreeFood] Assorted Frist Cookies and Tiger cake in Wilson Commons
2014-10-09,15,33,[FreeFood] Panera Sandwiches and Chips outside Lewis 120
2014-10-09,15,33,[FreeFood] Tons of Panera Sandwiches and Chips outside Lewis 120!
2014-10-09,16,42,[FreeFood] Tons of Pizza, CS 104
2014-10-09,18,42,[FreeFood] Fries from 30 burgers
2014-10-09,19,10,[FreeFood] Nutella at Wilcox
2014-10-09,19,23,[FreeFood] Taco Truck
2014-10-10,11,27,[FreeFood] Daniel Glass Talk at Prospect House 4:30pm, Today
2014-10-10,12,52,[FreeFood] Desserts & Italian food/pasta galore!
2014-10-10,14,1,[FreeFood]
2014-10-10,16,50,[FreeFood] Indian food from tandoori bite
2014-10-10,21,2,[FreeFood] Lots of Sandwiches, Cookies (CC of course), chips, sushi, friends
2014-10-11,9,12,[FreeFood] Coffee in Holder 4b
2014-10-11,14,35,[FreeFood] Leftover Mehek in Frist 307.
2014-10-11,20,37,[FreeFood] Sandwiches and sweets in Little basement!
2014-10-12,18,47,[FreeFood] Dumplings of the World in Mathey
2014-10-12,19,18,[FreeFood] Indian Food. 1937 Cluster
2014-10-14,9,44,[FreeFood] Artisanal fresh roasted coffee from Rojo's Roastery, 30 Burger, Free makeup and eyebrow session, and More!
2014-10-14,17,3,[FreeFood] SNACKS IN FRIST 204!
2014-10-14,19,17,[FreeFood] Mehek Yummies
2014-10-15,19,25,[FreeFood] Leftover food platter from Mamouns. Holder Kitchen
2014-10-17,11,10,[FreeFood] WHITMAN COURTYARD.
2014-10-17,11,49,[FreeFood] Bean-to-bar Chocolate!
2014-10-17,13,7,[FreeFood] Sandwiches + Salad in LGBT Center
2014-10-17,17,49,[FreeFood] Thomas Sweet ice cream
2014-10-17,19,48,[FreeFood] Cookies, hummus Platter, Cheese, & Fruit
2014-10-17,21,11,[FreeFood] Cookies in Dod basement
2014-10-17,21,41,[FreeFood] CUPCAKES, FRUIT, FRIENDSHIP- 1937 Cluster
2014-10-18,11,13,[FreeFood] Sandwiches and salad from Olives
2014-10-18,16,9,[FreeFood] Sushi, Bubble Tea, Pizza, Salad
2014-10-18,18,1,[FreeFood] Caesar salad
2014-10-19,18,30,[FreeFood] mamoun's
2014-10-20,16,6,[FreeFood] A lot of pizza (Princeton Pi) in Murray Dodge, 1st floor
2014-10-20,19,57,[FreeFood] pizza in Rocky Common Room!
2014-10-21,17,9,[FreeFood] Come to USG office hours for falafel!
2014-10-21,20,2,[FreeFood] chocolate wafers~
2014-10-23,18,35,[FreeFood] Spring Rolls and Egg Rolls at Frist
2014-10-24,13,33,[FreeFood] Carrot cake in LGBT Center
2014-10-25,19,10,[FreeFood] Murray Dodge - Open Normal Hours Over Break!
2014-10-27,18,7,[FreeFood] Freshly baked browned-butter chocolate chip cookies
2014-10-28,9,20,[FreeFood] Einstein Bros Bagels, Coffee, & Pastries in the Rocky-Mathey Classroom
2014-10-28,17,31,[FreeFood] Free Copy Card (Approx. $90)
2014-10-28,18,32,[FreeFood] Box of Assorted Papa John's Pizza
2014-10-29,11,8,[FreeFood] USG FREE PIZZA AND SWEATPANTS TONIGHT!
2014-10-31,11,40,[FreeFood] Some samosas in MD
2014-11-03,11,11,[FreeFood] Salad, chicken, wraps (some vegetarian)
2014-11-03,16,31,[FreeFood] Masala Grill in MD
2014-11-04,17,6,[FreeFood] Tons of snacks in Frist 204!
2014-11-05,15,21,[FreeFood] Chinese Food
2014-11-05,18,18,[FreeFood] Ziti and salad
2014-11-06,16,17,[FreeFood] Friend 006 - snack platters
2014-11-06,18,44,[FreeFood] [Free Food] Cuban food in Murray dodge
2014-11-07,12,34,[FreeFood] wraps, chicken, salad in Rainbow Lounge
2014-11-07,17,56,[FreeFood] pizza in frist
2014-11-07,19,46,[FreeFood] Pizza, pretzels and brownies Rocky Common Room
2014-11-08,13,18,[FreeFood] korean food. at frist, by the pool tables
2014-11-08,22,8,[FreeFood] snacks, chips and veggies, frist by the pool tables
2014-11-09,18,58,[FreeFood] Smores in Forbes backyard
2014-11-10,16,37,[FreeFood] Hummus, pita and salad in murray dodge
2014-11-11,17,4,[FreeFood] Chips, pretzels & starbursts in Frist 204
2014-11-11,19,29,[FreeFood] free pj pancakes (4trays)
2014-11-12,11,43,[FreeFood] Indian Food in Murray Dodge
2014-11-12,15,29,[FreeFood] bagged sandwiches in pace center
2014-11-12,17,13,[FreeFood] Buffalo Mac-and-Cheese, Cereal, Candy
2014-11-12,17,38,[FreeFood] Mac & Cheese & Rice Pilaf
2014-11-12,17,39,[FreeFood] Chips salsa, cheesy dip, cookies, sour cream
2014-11-13,17,21,[FreeFood] Sandwiches from Olives on 1st floor Frist
2014-11-14,12,7,[FreeFood] Indian Food in Rainbow Lounge in Frist
2014-11-14,14,22,[FreeFood] Cake, Mini-Desserts and Fruit above Wu
2014-11-14,20,28,[FreeFood] Food in equad cafe
2014-11-14,22,20,[FreeFood] Brownies and Pizza
2014-11-15,11,49,[FreeFood] Sandwiches, salad, chips, and cookies at the campus club prospect room!
2014-11-16,19,57,[FreeFood]
2014-11-16,20,1,[FreeFood] Pies in Bloomberg TV Lounge
2014-11-17,16,29,[FreeFood] Efes food in murray dodge - meat, salad, and rice
2014-11-19,11,43,[FreeFood] Sandwiches, Soup, and Chips in McGraw
2014-11-19,13,27,[FreeFood] McGraw Center Food is Gone
2014-11-19,16,49,[FreeFood] Cheese and Eggplant Sandwiches in Frist
2014-11-20,18,7,[FreeFood] (cold) mushroom pizza
2014-11-20,19,20,[FreeFood] Pita Bread from Mamoun's in USG office
2014-11-21,17,28,[FreeFood] Pizza, Frist, courtesy of Princeton American Sign Language Club
2014-11-21,18,56,[FreeFood] Food from olives in friend!
2014-11-21,18,57,[FreeFood] Food from olives in friend!
2014-11-21,19,23,[FreeFood] Hummus and falafel in Cafe Antionette (next to Mathey common room)!
2014-11-22,10,12,[FreeFood] @ Clark Baseball Field by the stadium
2014-11-22,12,15,[FreeFood] Tons of hoagies and bagels
2014-11-22,14,58,[FreeFood] Sandwiches in Friend Center
2014-11-22,16,0,[FreeFood] FREE PANCAKES AT FILM FESTIVAL - 2 HOURS - 9pm MCCOSH 10!
2014-11-22,16,16,[FreeFood] Chinese Food in Frist!
2014-11-22,16,59,[FreeFood] Pizza!
2014-11-22,22,7,[FreeFood] PIZZA salsa and chips
2014-11-23,19,51,[FreeFood] Pizzina Papa Yonathan's in Bloomberg TV Lounge con Pepsi et MTDEW
2014-11-26,11,8,[FreeFood] Murray Dodge Cookies
2014-12-01,7,17,[FreeFood] [McCormick 101, 7pm] World AIDS Day/Day Without Art Film and Lecture
2014-12-01,16,29,[FreeFood] Free Indian food in murray dodge
2014-12-01,17,56,[FreeFood] Pizza next to 1st floor frist printer!
2014-12-01,20,42,[FreeFood] 3 pizzas on the first floor of Frist
2014-12-02,18,41,[FreeFood] Pizzas in Dillon Gym Lobby
2014-12-03,9,22,[FreeFood] Safer Sexpo for Upperclassmen! [Free Fruity Yogurt!]
2014-12-03,16,35,[FreeFood] 9PM TONIGHT: Safer Sexpo for Upperclassmen! [Free Fruity Yogurt!]
2014-12-03,19,47,[FreeFood] Fwd: Food and advice for premeds! :D
2014-12-04,15,32,[FreeFood] olives sandwiches, mccosh 60
2014-12-04,17,33,[FreeFood] Fwd: Food, Games, and PRIZES?!?! TONIGHT @ 8PM
2014-12-04,20,1,[FreeFood] Caribbean food in patton basement
2014-12-04,20,8,[FreeFood] STUDIO 34
2014-12-05,12,9,[FreeFood] Fwd: Sandwiches, desserts at Studio 34
2014-12-05,12,40,[FreeFood] TONS of food in the LGBT Center rn
2014-12-05,13,52,[FreeFood] Hot Chocolate + Candy + Cookies in Campus Club
2014-12-05,17,22,[FreeFood] free food in friend center convocational room, come now
2014-12-05,17,57,[FreeFood] FREE OLIVES SANDWICHES IN JOLINE FRIDGE AND IN JOLINE GAME ROOM
2014-12-05,17,57,[FreeFood] FREE OLIVES SANDWICHES IN THE MATHEY JOLINE FRIDGE AND IN THE GAME ROOM
2014-12-05,19,55,[FreeFood] Baked zeetie and papa johns
2014-12-05,19,56,[FreeFood] Papa johns pizzas in frist
2014-12-06,13,27,[FreeFood] Mamouns and cookies
2014-12-06,18,6,[FreeFood] Potato Salad and Some Chicken Wings
2014-12-07,12,36,[FreeFood] Corn Bread, Salmon, Broccoli, Turkey, and Sweet Potato Casserole!
2014-12-07,17,30,[FreeFood] Thai Village, 4th floor Bloomberg Lounge
2014-12-07,19,38,[FreeFood] Malaysian Food, ground floor Bloomberg Hall Function Room
2014-12-07,19,47,[FreeFood] Medium cheese pizza + 2L Fanta
2014-12-08,17,12,[FreeFood] Vanilla wafers and egg nog dip, chips and bacon ranch and cheese dip, cookies, buffalo pizza bites, etc
2014-12-09,11,12,[FreeFood] SAY CHEEZ! Free drink with your Winter Solstice sandwich when you show your PUB show ticket!
2014-12-09,13,9,[FreeFood] Free sandwiches in the Rainbow Lounge (Frist 247)
2014-12-09,16,32,[FreeFood] Sandwiches and cookies in the Rainbow Lounge
2014-12-09,17,57,[FreeFood] Cookies and veggies outside of McAlpin in Woolworth
2014-12-09,18,45,[FreeFood] HOLIDAY FOODS AT MATHEY
2014-12-09,20,48,[FreeFood] Eggnog, pies, cookies in Studio 34
2014-12-10,14,4,[FreeFood] Food Panel and Senegalese Food
2014-12-10,15,11,[FreeFood] 2 boxes of pizza + 1 bottle of pepsi
2014-12-10,15,13,[FreeFood]
2014-12-10,15,38,[FreeFood] Boom chicka pop, Chips & salsa in pace center
2014-12-10,16,45,[FreeFood] Free Mehek!! Robertson basement
2014-12-10,17,19,[FreeFood] Senegalese food at Carl a fields center
2014-12-10,17,20,[FreeFood] Senegalese food
2014-12-10,17,42,[FreeFood] Reception leftovers in art museum lobby
2014-12-10,18,54,[FreeFood] COFFEE, CANDY, COOKIES, CHIPS
2014-12-10,19,41,[FreeFood] Chinese in Whitman Common Room
2014-12-10,19,51,[FreeFood] Cake on top of recycle bin on third floor of clapp
2014-12-10,20,35,[FreeFood] Egg Nog, Cookies, Chips, Apple Cider, Pumpkin Pie, Candy Canes!
2014-12-11,16,51,[FreeFood] Two tray of Mamoun's falafel in Woolworth 101!
2014-12-11,17,53,[FreeFood] Coke + Popeye's Chicken in CAF
2014-12-11,19,8,[FreeFood] Say Cheez Wilson commons
2014-12-12,10,54,[FreeFood] Birthday cake, Oreos
2014-12-12,11,18,[FreeFood] Soup & Sandwiches in the Rainbow Lounge
2014-12-17,13,9,[FreeFood] Fresh tomatoes, clementines, other groceries, Spelman 41
2015-01-03,15,17,[FreeFood] Random instant Turkish, other Asian food Dod Kitchen
2015-01-06,15,45,[FreeFood] Mehek Food in MD-22!!
2015-01-06,20,25,[FreeFood] Ritz crackers, Candy corn outside scully 307
2015-01-07,8,40,[FreeFood] 7 Mint Chocolate Chip Luna Protein Bars, 4 boxes of Betty Crocker super moist vanilla cake mix, and 2 packs of wet wipes (48 sheets each)
2015-01-07,12,0,[FreeFood] Chicken wraps, salad
2015-01-07,17,16,[FreeFood] Free food and conversation in campus club
2015-01-07,18,35,[FreeFood] Cupcakes in USG office!
2015-01-07,22,12,[FreeFood] 2 slices of cold cheese pizza
2015-01-08,20,11,[FreeFood] Free Cookies and Cider
2015-01-09,19,49,[FreeFood] Couple of Hoagies (Shrimp Po Boy, Bloch, Good Morning)
2015-01-09,21,21,[FreeFood] FREE BAGELS IN 5 MINUTES
2015-01-10,13,55,[FreeFood] Bagels and pastries outside Women's Center (Frist 243)
2015-01-11,15,58,[FreeFood] Hoagies, cookies, bagels in Frist
2015-01-11,16,28,[FreeFood] Five pies of pizza at Dillon
2015-01-12,17,44,[FreeFood] Free 5 Hr Energy samples in Frist!!!!!!!!
2015-01-12,18,59,[FreeFood] Papa Juan's in Studio 34
2015-01-13,18,1,[FreeFood] HOUSE OF CUPCAKES - Rocky Common Room
2015-01-14,16,35,[FreeFood] Pizza in Murray-Dodge
2015-01-15,11,30,[FreeFood] free happiness !
2015-01-17,15,41,[FreeFood] sandwiches outside LGBT center
2015-01-18,15,36,[FreeFood] Pizza, bagels, and cream cheese...
2015-01-18,19,58,[FreeFood] Free 16 Pack Ramen
2015-01-18,21,17,[FreeFood] all gone: Free 16 Pack Ramen
2015-01-19,7,40,[FreeFood] Breakfast food in Chancellor Green!
2015-01-19,19,23,[FreeFood] Hoagie Haven in Campus Club!
2015-01-21,21,2,[FreeFood] Small World Coffee, Cookies, Hot Chocolate, Cake
2015-01-22,15,33,[FreeFood] 9 boxes of cheese and pepperoni pizza
2015-01-22,16,14,[FreeFood] Get free food by working for the Rocky/Mathey dining hall!
2015-01-25,10,51,[FreeFood] bent spoon cupcakes
2015-01-26,18,7,[FreeFood] A little bit of chickpeas and rice
2015-01-28,15,19,[FreeFood] Qdoba in Rocky Common Room
2015-01-28,15,28,[FreeFood] qdoba
2015-01-29,12,43,[FreeFood] Lots of Pizza at Lewis Library
2015-01-29,13,29,[FreeFood] New Media Center - Pizza is gone!
2015-01-29,15,17,[FreeFood] Mamouns in Rocky common room
2015-01-30,18,30,[FreeFood] Cheese plate from olives
2015-02-01,10,16,[FreeFood] free pizza in Whig!!
2015-02-02,9,26,[FreeFood] free bagels, cream cheese, and vegetable medley!
2015-02-02,16,24,[FreeFood] korma/Indian food murray dodge
2015-02-03,17,12,[FreeFood] Bubble tea rocky common room
2015-02-03,18,25,[FreeFood] Pizza, hummus, and brownies--Woolworth 101
2015-02-04,16,49,[FreeFood] Chicken, Mac and Cheese, steamed broccoli, and veggie lasagna
2015-02-04,21,8,[FreeFood] Small World Coffee, Milk, and Cookies (and cups)
2015-02-06,19,14,[FreeFood] Home-Baked Desserts
2015-02-08,6,25,[FreeFood] Food delivered to your dorm
2015-02-08,13,48,[FreeFood] Pizza Frist 210
2015-02-09,17,14,[FreeFood] Cashew clusters outside scully 307
2015-02-10,16,51,[FreeFood] chinese food in frist
2015-02-10,17,10,[FreeFood] Rocky common room
2015-02-10,19,44,[FreeFood] Cheese Pizza and salad
2015-02-10,21,25,[FreeFood] Sushi in Mathey common room
2015-02-11,13,26,[FreeFood] TONIGHT: BRIDGING CULTURES DINNER SERIES -- SPRING KICK-OFF
2015-02-11,16,3,[FreeFood] Pizza outside Frist 302
2015-02-11,19,16,[FreeFood] Desserts from Olives
2015-02-11,19,57,[FreeFood] Buffalo Chicken Wings Outside Joline 223
2015-02-12,12,6,[FreeFood] Random Cupcakes - in Front of Friend
2015-02-12,14,58,[FreeFood] Random food in lobby of cs building
2015-02-13,16,4,[FreeFood] Sushi and House of Cupcakes at Unite to Fight Sex Trafficking in Blackbox
2015-02-14,13,16,[FreeFood] Free Homemade Pizza Delivered Straight To You!
2015-02-15,3,17,[FreeFood] wallet at terrace
2015-02-15,10,59,[FreeFood] Salad in Frist
2015-02-15,18,41,[FreeFood] fried calamari - ngc common room
2015-02-16,14,5,[FreeFood] Baked Ziti, Brown Rice w/ Vegetables, and Green Salad...
2015-02-16,17,30,[FreeFood] Subway sandwiches!
2015-02-17,17,7,[FreeFood] Chicken, lasagna+more in compsci building
2015-02-17,19,31,[FreeFood] Olives Cookies in Mathey Common Room
2015-02-17,20,40,[FreeFood] Qdoba chips & queso, drinks -- spoon basement
2015-02-17,21,39,[FreeFood] Free baby carrot!
2015-02-17,22,22,[FreeFood] Tons of Food
2015-02-18,19,21,[FreeFood] PJs pancakes + other breakfast food
2015-02-19,9,32,[FreeFood] Bicycle stolen from 1903 Hall: red and black with duct-taped seat
2015-02-19,15,28,[FreeFood] Free pizza
2015-02-20,11,22,[FreeFood] Movie screening tonight!
2015-02-20,15,16,[FreeFood] LEFTOVER PIZZA (FRIST)
2015-02-20,15,44,[FreeFood] buffet in lewis center lobby!
2015-02-20,16,37,[FreeFood] Snacks and a movie: My Country, My Country!
2015-02-20,20,6,[FreeFood] Chinese New Year festive candies!
2015-02-20,21,19,[FreeFood] Cakes and pizza, Rocky Common Room
2015-02-21,10,15,[FreeFood] Calling all Prospective (and Current) Chemistry Majors!
2015-02-21,11,54,[FreeFood] Brownies and cookies
2015-02-21,14,12,[FreeFood] QDOBA in Frist 307!
2015-02-21,17,47,[FreeFood] Free Pasta, Chicken, Salad at Frist
2015-02-22,8,27,[FreeFood] Stolen keys/jacket from Terrace
2015-02-22,13,17,[FreeFood] Lost backpack
2015-02-22,16,56,[FreeFood] Mehek - Indian food in Murray Dodge
2015-02-23,7,21,[FreeFood] Fwd:
2015-02-23,14,15,[FreeFood] Free Mehek in McCormick 101
2015-02-23,16,52,[FreeFood] Food in J Street
2015-02-24,10,54,[FreeFood] Taste of Thailand
2015-02-24,19,28,[FreeFood] Indian Food
2015-02-25,19,9,[FreeFood] Tiger Noodles in Yoseloff 1st Floor Kitchen
2015-02-25,20,6,[FreeFood] bent spoon cupcakes & cookies
2015-02-25,20,59,[FreeFood] Indian food @ Frist
2015-02-26,15,44,[FreeFood] Free sweet potato chili, guacamole, cookies, cupcakes, coffee/tea
2015-02-27,10,30,[FreeFood] Sandwiches and Salads at McGraw
2015-02-27,11,32,[FreeFood] Sandwiches, cookies, salads, fruit at 306 Sherrerd Hall
2015-02-27,11,45,[FreeFood] McGraw Sandwiches and Salads are Gone
2015-02-27,11,48,[FreeFood] Tast of Thailand Tonight! 8-10pm
2015-02-27,15,42,[FreeFood] Assorted Vegetables
2015-02-27,17,1,[FreeFood] Qdoba @ Field's Center
2015-02-27,18,3,[FreeFood] Olives in Friend Atrium!
2015-02-27,18,56,[FreeFood] Olive's Pasta in Scully 1st Floor
2015-02-28,0,26,[FreeFood] Thesis Notebook
2015-03-01,10,59,[FreeFood] mad mimosa
2015-03-01,20,48,[FreeFood] Bridging Cultures Dinner Series - Art, Apartheid and South Africa, Art, Race and America
2015-03-03,10,27,[FreeFood] Sandwiches, Salads & Cookies
2015-03-03,17,32,[FreeFood] Free pizza frist
2015-03-04,19,13,[FreeFood] 3 burgers and all the ketchup you could ever want @ frist
2015-03-06,10,25,[FreeFood] Sandwiches and pasta salad
2015-03-06,11,0,[FreeFood] Sandwiches in Frist, LGBT Center
2015-03-06,14,35,[FreeFood] Chipotle Chips and Dip in Frist 307
2015-03-06,18,55,[FreeFood] wings, celery, and dip - by Frist welcome desk
2015-03-07,11,2,[FreeFood] Veggie burgers, Snapples, cookies and cakes - in Frist 330 infront of McGraw Center
2015-03-07,12,24,[FreeFood] Olives sandwiches, snapple, water
2015-03-07,13,8,[FreeFood] Fresh Homemade Chocolate Chip Cookies and Milk in Frist!
2015-03-07,17,6,[FreeFood] Fwd: MAPS PIZZA STUDY BREAK TOMORROW 8 PM FRIST 114
2015-03-07,17,12,[FreeFood] mac n cheese in Murray Dodge
2015-03-08,13,24,[FreeFood] Beef & Broccoli, Shrimp Fried Rice, and General Tso's Chicken in Murray Dodge Hall
2015-03-08,13,32,[FreeFood] Business Bistro Sandwiches in Carl A Fields
2015-03-08,20,23,[FreeFood] Indian/mehek food in murray dodge
2015-03-09,16,27,[FreeFood] Princeton Pi Pizza in Murray Dodge
2015-03-09,17,39,[FreeFood] CandyLand Study Break in Campus Club NOW!!!!
2015-03-09,19,32,[FreeFood] PJs Pancakes in the Pace Center Lounge
2015-03-09,19,59,[FreeFood] Half of a WaWa cookie
2015-03-09,20,8,[FreeFood] Free cookies and water in Murray-Dodge basement
2015-03-10,18,47,[FreeFood] PANERA
2015-03-11,15,11,[FreeFood] Chicken & Broccoli and Rice in Murray Dodge Hall
2015-03-11,18,39,[FreeFood] Chips and Cookies - Scully 3rd Floor Conference Room
2015-03-11,20,18,[FreeFood] bent spoon
2015-03-12,18,33,[FreeFood] Papa Johns Campus CLub Den
2015-03-12,20,0,[FreeFood] Hunans Chinese food and pizza and drinks
2015-03-17,17,21,[FreeFood] Dessert in Rocky Common Room
2015-03-17,20,19,[FreeFood] Cookies! Murray Dodge is OPEN over Spring Break!
2015-03-20,13,30,[FreeFood] Mad Cookies in East Pyne
2015-03-20,13,34,[FreeFood] Cookies in 127 East Pyne
2015-03-20,15,50,[FreeFood] Masala grill
2015-03-24,15,21,[FreeFood] Baklava in Campus Club
2015-03-26,14,56,[FreeFood] Cookies and orange juice in Wu
2015-03-26,15,21,[FreeFood] (Free food) pizza in frist mpr c
2015-03-26,15,23,[FreeFood] Chips, salsa, hummus, apples & oranges at Fields Center MPR
2015-03-26,16,18,[FreeFood] Qdoba on Frist 100 level table
2015-03-26,20,23,[FreeFood] Chinese food in Butler 1915
2015-03-27,14,4,[FreeFood] Chinese Food, Pizza, Brownies, Ice Cream in McCosh 28
2015-03-27,15,28,[FreeFood] FREE CHINESE FROM HUNAN @ FRIEND CENTER CONVOCATION ROOM NOW!
2015-03-27,16,50,[FreeFood] Chinese Food
2015-03-27,17,46,[FreeFood] Sheet cake spoon basement
2015-03-28,8,19,[FreeFood] FREE Panera Bread + Subway @ FRIEND
2015-03-28,8,45,[FreeFood] Subway and Panera Bread @ Friend Right Now
2015-03-28,12,33,[FreeFood] Small world coffee
2015-03-28,14,44,[FreeFood] Chipotle burritos outside the art museum
2015-03-28,22,2,[FreeFood] Brownies near Frist Welcome Desk
2015-03-29,20,39,[FreeFood] assorted cookies from the bent spoon
2015-03-30,16,37,[FreeFood] Bread, salad and lasagna in Murray dodge
2015-03-30,17,23,[FreeFood] 34 Free Mini Chocolate Chips-
2015-03-31,7,38,[FreeFood] FREE CHOCOLATE DELIVERED TO YOU
2015-04-02,15,8,[FreeFood] Coffee & Pastries
2015-04-02,17,3,[FreeFood] Free Olives sandwiches
2015-04-02,17,5,[FreeFood] Oranges and Salad w/ Vinaigrette in Campus Club Living Room
2015-04-02,17,33,[FreeFood] Tons of Chinese Food
2015-04-03,9,49,[FreeFood] 2 pizzas at dillon front desk
2015-04-03,13,53,[FreeFood] Sandwiches in LGBT Center
2015-04-03,19,7,[FreeFood] Polish food McCormick lobby
2015-04-03,20,18,[FreeFood] Tons of pizza in Frist
2015-04-04,10,45,[FreeFood] Coffee, limited donut holes and bagel stuff
2015-04-05,19,8,[FreeFood] Infini-T and Panera Pastries!
2015-04-05,20,3,[FreeFood] Chocolate Easter Bunny OM NOM NOMM
2015-04-05,20,21,[FreeFood] Bunny is all gone'
2015-04-06,21,42,[FreeFood] Bag of Qdoba Chips and Hot Salsa
2015-04-07,14,2,[FreeFood] FREE CHOCOLATE DELIVERED TO YOU
2015-04-07,15,30,[FreeFood] Frist MPR cookies, pastries, chips + guac
2015-04-09,15,24,[FreeFood] Fwd: BAC: ONCE UPON A TIME
2015-04-09,15,28,[FreeFood] Lots of pizza and soda in Frist MPR in the Basement
2015-04-09,15,33,[FreeFood] Free Redbull Tomorrow Night!
2015-04-09,16,55,[FreeFood] Chocolate in Bloomberg Kitchen
2015-04-09,17,22,[FreeFood] Cookies, fruit & sandwiches from Olives
2015-04-09,18,55,[FreeFood] Sambar in Frist Gallery
2015-04-10,13,28,[FreeFood] [meal TONIGHT] Freedom Seder 2015: Black Lives Matter @ 7:30pm, CJL
2015-04-10,13,29,[FreeFood] Free Gluten Free/Kosher for Passover Cake & Salad in Rainbow Lounge
2015-04-10,20,47,[FreeFood] Free Redbull Tonight and DJ Rico!
2015-04-11,19,59,[FreeFood] French fries in Frist 309
2015-04-12,1,37,[FreeFood] Pizza in Friend Center hallway
2015-04-12,12,24,[FreeFood] A Veritable Feast! - McGraw 330
2015-04-12,12,46,[FreeFood] Chinese Food In Murray Dodge (Shrimp Fried Rice and General Tso's Chicken)
2015-04-12,13,12,[FreeFood] Subway, bagels, soda, carrots in Friend
2015-04-12,18,55,[FreeFood] Pizza in Bloomberg tV Lounge
2015-04-12,19,0,[FreeFood] bloomberg pizza gone!
2015-04-13,15,54,[FreeFood] Chocolate Chip cookies and Olive's tray in LGBT Center
2015-04-13,16,29,[FreeFood] Mahmouns and Sushi, Frist MPR C
2015-04-14,18,4,[FreeFood] lots of Efes in the Pace Lounge (Frist)
2015-04-14,19,48,[FreeFood] NOMAD PIZZA TRUCK next to Blair till 11
2015-04-14,19,54,[FreeFood] Hummus Wraps, pickles, and chips outside in McGraw
2015-04-15,15,21,[FreeFood] Chocolate chip cookies, brownies, and almond sticks
2015-04-15,19,14,[FreeFood] FILAFEL in Yoseloff 2nd Floor Kitchen
2015-04-16,7,51,[FreeFood] Free food at the blood drive!
2015-04-16,14,12,[FreeFood] Food in the Rainbow Lounge
2015-04-16,15,46,[FreeFood] Olive's Sandwiches
2015-04-16,17,27,[FreeFood] [FREE COOKIES] INNOVATION TALL TOWER BUILDING EVENT!
2015-04-16,19,54,[FreeFood] Leftover Chipotle in Wilcox commons
2015-04-17,12,54,[FreeFood] FREE GOURMET CHEESE TONIGHT
2015-04-17,17,48,[FreeFood] Free chocolate!
2015-04-17,17,49,[FreeFood] Pizza soda doritos and gummies in Forbes Black Box theatre
2015-04-17,18,11,[FreeFood] Free Taco Bell behind Dillion
2015-04-17,18,14,[FreeFood] Free Taco Bell
2015-04-18,12,10,[FreeFood] Free Chipotle
2015-04-18,13,20,[FreeFood] Pasta in friend convocation
2015-04-18,17,56,[FreeFood] Senegalese Food, Panera Bagels, Drank
2015-04-18,20,17,[FreeFood] Samosas
2015-04-19,10,7,[FreeFood] Panera bagels, coffee, lemonade & orange juice
2015-04-19,10,55,[FreeFood] Pizza and salad
2015-04-19,15,15,[FreeFood] Cheese/fruit platter, crackers, soda in Murray Dodge hall
2015-04-20,19,21,[FreeFood] Free Gospel Concert This Sunday (and free post-concert dinner)
2015-04-21,12,1,[FreeFood] Tons of wraps
2015-04-23,16,42,[FreeFood] Food in Sun Room - Campus Club
2015-04-23,17,8,[FreeFood] Free brownies, cookies, cupcakes, etc.
2015-04-23,17,16,[FreeFood] FREE PIZZA
2015-04-23,22,42,[FreeFood] Lotsa stuff in frist
2015-04-24,15,13,[FreeFood] Ice cream campus club taproom
2015-04-24,17,38,[FreeFood] FREE COOKIES, BROWNIES, CUPCAKES, COFFEE, TEA, ETC
2015-04-24,19,48,[FreeFood] Snacks from the Wilson upperclass social hour
2015-04-24,22,0,[FreeFood] FREE RED BULL AND DRINKS!
2015-04-25,11,44,[FreeFood] SO MANY sandwich box lunches @ campus club
2015-04-25,12,51,[FreeFood] Iced coffee & cupcakes !
2015-04-25,12,53,[FreeFood] Frist Gallery
2015-04-25,13,28,[FreeFood] Lots of bottled water and diet coke in Friend basement!
2015-04-27,15,5,[FreeFood] Safer Sexpo @ 8:30pm- Campus Club [free bubble tea]
2015-04-27,18,15,[FreeFood] COOKIES AND RICE KRISPY TREAT
2015-04-28,10,29,[FreeFood] Pizza in Frist MPR c
2015-04-28,18,9,[FreeFood] Indian Food in Robertson Basement
2015-04-29,10,10,[FreeFood] LAO FOOD (+ cool Lao films!)
2015-04-29,12,55,[FreeFood] Hummus veggies drinks and more
2015-04-29,15,18,[FreeFood] Orange slices and oatmeal and raisin cookies
2015-04-29,17,10,[FreeFood] Cake! Studio 34
2015-04-30,18,28,[FreeFood] Pizza and cupcakes in campus club
2015-05-01,10,1,[FreeFood] Pizza, salad, cookies, cannolis, in Wallace 242
2015-05-01,10,24,[FreeFood] Campus club dining room
2015-05-01,10,32,[FreeFood] Wallace rm 165
2015-05-01,15,1,[FreeFood] Olives in Frist by pool tables
2015-05-01,15,56,[FreeFood] fortune cookies
2015-05-01,16,34,[FreeFood] Lots of free food @ The Carl fields center
2015-05-01,16,49,[FreeFood] Indian Food from Tandoori Bites on the second floor of Murray dodge
2015-05-02,9,12,[FreeFood] Turkish food from Efes!
2015-05-02,14,26,[FreeFood] Sandwiches outside room 113 at Friend center
2015-05-03,7,9,[FreeFood] roll of mylar
2015-05-03,11,14,[FreeFood] Lots of food outside Aaron Burr 213
2015-05-04,5,18,[FreeFood] One piece of cheese pizza
2015-05-04,16,5,[FreeFood] Frist North Lawn
2015-05-04,18,54,[FreeFood] Free mamouns in campus club
2015-05-04,20,35,[FreeFood] Questions for Quesadillas! (Free Food!)
2015-05-05,10,34,[FreeFood] Pizza with a Bodyhype ticket!!
2015-05-05,13,37,[FreeFood] Free bagels and cookies at campus club dining room
2015-05-05,18,49,[FreeFood] Chipotle chips and salsa on Poe FIeld
2015-05-05,19,30,[FreeFood] Fwd: FREE FOOD DELIVERED TO YOU!=?UTF-8?Q?=E2=80=8B?=
2015-05-05,21,48,[FreeFood]
2015-05-06,15,15,[FreeFood] Pizza in Frist MPR C
2015-05-06,15,31,[FreeFood] Fried Chicken, Macaroni and Cheese
2015-05-06,16,52,[FreeFood] Free pasta, chicken, and steamed veggies @ fields center
2015-05-06,18,34,[FreeFood] Hoagie haven
2015-05-06,19,26,[FreeFood] Pretzels and Chips in Frist
2015-05-06,19,46,[FreeFood] [DELIVERING NOW] - Free Quesadillas to your room!
2015-05-07,15,8,[FreeFood] Free Bubble Tea, Pizza, Assorted Pastries and Assorted Sushi
2015-05-07,19,5,[FreeFood] Questions for Quesadillas!
2015-05-07,19,7,[FreeFood] Chips, salsa and sour cream in the Joline game room
2015-05-08,10,8,[FreeFood] FREE GOURMET CHEESE TONIGHT 10PM
2015-05-08,12,28,[FreeFood] Platters of Olives cookies / veggies in Bendheim
2015-05-08,16,3,[FreeFood] hummus and pita in cafe antoine
2015-05-08,17,26,[FreeFood] TONS of Mamouns falafel
2015-05-08,19,41,[FreeFood] Free nomad pizza, chicken tenders, etc!
2015-05-09,14,27,[FreeFood] ATTN INDEPENDENTS
2015-05-09,19,49,[FreeFood] 2 lbs of Hershey's Kisses outside Dod 3rd floor elevator
2015-05-10,19,29,[FreeFood] Baked salmon in basement of Edwards
2015-05-11,12,2,[FreeFood] Murray Dodge Open for 24 Hours for Dean's Date
2015-05-11,15,51,[FreeFood] Free Food and Prayer!!
2015-05-12,14,59,[FreeFood] Cookies and drinks in Sherrard Lobby!
2015-05-12,18,7,[FreeFood] [free food] Chinese food in frist
2015-05-12,18,44,[FreeFood] [Free food] FREE PIZZA in Campus Club at 10 PM!
2015-05-12,18,53,[FreeFood] FREE CHIPOTLE IN ROCKY
2015-05-13,9,55,[FreeFood] Wraps bagels donuts etc
2015-05-13,19,13,[FreeFood] Mamoun's in Campbell TV Lounge
2015-05-13,22,3,[FreeFood] Watermelon, cookies, brownies! Spoon!
2015-05-15,21,51,[FreeFood] mushroom bacon garlic pizza in scully
2015-05-16,11,42,[FreeFood] Spreads from Olives
2015-05-16,14,31,[FreeFood] 3 Dozen Panera Bagels
2015-05-17,11,44,[FreeFood] lots of frist catered food CAF
2015-05-17,13,17,[FreeFood] Panera Bagels in Robertson (the Woody Woo building)
2015-05-17,19,27,[FreeFood] Chinese food
2015-05-19,21,46,[FreeFood] Frozen Vegetables, Awkward Potatoes - Scully Kitchen Fridge
2015-05-20,14,25,[FreeFood] Birth dinner in Rocky PDR Now! (Meal swipes available!)
2015-05-20,17,21,[FreeFood] Frozen Salmon and Chicken Breasts
2015-05-21,11,18,[FreeFood] Bacon-flavored popcorn and teriyaki elk jerky outside #221 1915 Hall
2015-05-21,14,25,[FreeFood] Yogurt + Granola Bars + Sandwich Stuff - Scully 1st Floor
2015-05-21,20,20,[FreeFood] lots of 2015 mints; pasta sauce & dry pasta
2015-05-22,15,39,[FreeFood] Free food and rugs outside Wendell C217
2015-05-22,20,20,[FreeFood] Ritz crackers and nature valley bars
2015-05-23,7,12,[FreeFood] Snack food
2015-05-26,18,32,[FreeFood] [Free Food] Murray Dodge cookies (10 pm - 12:30 pm)
2015-05-26,22,8,[FreeFood] yummy microwaveable food/tea - Spoon kitchen
2015-05-27,3,59,[FreeFood] Red frying pan/groceries
2015-05-27,19,21,[FreeFood] Murray Dodge is Open Tonight from 10 PM to 12:30 AM
2015-05-28,13,58,[FreeFood] Free vegetables and dip in Frist 246 (Rainbow Lounge)
2015-05-29,18,40,[FreeFood] STEAK leftover from dinner
2015-05-30,10,44,[FreeFood] TONS of sandwiches and veggies, etc.
2015-05-30,12,53,[FreeFood] Cookies @ Murray Dodge
2015-05-30,22,40,[FreeFood] Dark Chocolate
2015-05-30,23,56,[FreeFood] chinese food 1903 courtyard
2015-05-31,9,25,[FreeFood] Tea! And More!
2015-05-31,9,43,[FreeFood] Gourmet Water Bottles from Poland
2015-05-31,10,54,[FreeFood] Various foods in Fisher Kitchen
2015-05-31,11,2,[FreeFood] 4 cases of soy milk, 1 case of almond milk at Murray Dodge Cafe
2015-05-31,11,44,[FreeFood] Free refrigerator/freezer
2015-05-31,11,51,[FreeFood] Lots of eggs in Murray dodge cafe
2015-05-31,13,16,[FreeFood] 7 Pounds of powdered sugar
2015-05-31,14,52,[FreeFood] Canned fish (salmon, sardines), lobster tails, hickory smoke sauce
2015-05-31,17,36,[FreeFood] Free mattress topper and fridge
2015-05-31,18,48,[FreeFood] Free mini fridge!
2015-05-31,21,32,[FreeFood] Pls don't hate me, but if you need a bed...
2015-06-01,6,31,[FreeFood] [Not free] Refrigerator
2015-06-01,11,54,[FreeFood] Selling fridge $30 AND free food
2015-06-01,12,14,[FreeFood] Strawberries, cheese, crudit=?UTF-8?Q?=C3=A9?=
2015-06-01,12,36,[FreeFood] Free mini fridge
2015-06-01,12,43,[FreeFood] Cheese, strawberries, crackers, cookies
2015-06-01,16,3,[FreeFood] Does anyone staying on campus want a fridge for the summer?
2015-06-01,17,2,[FreeFood] Chinese food in dod basement
2015-06-01,17,47,[FreeFood] Assorted snacks/frozen food
2015-06-02,12,30,[FreeFood] PTL pinnies
2015-06-02,12,34,[FreeFood] Easy mac, fresh tomatoes, grits, pretzels, Fuze
2015-06-02,13,5,[FreeFood] 50 bags of potato chips, ketchup/mustard, etc
2015-06-02,14,45,[FreeFood] FULL SIZE SUPER COMFY MATTRESS: 50 bucks or best offer
2015-06-02,18,14,[FreeFood] Free mini fridge
2015-06-02,18,22,[FreeFood] Free silverware etc. near Scully 204
2015-06-02,18,27,[FreeFood] Free hangers and bottle of grenadine
2015-06-02,19,22,[FreeFood] Free cooking supplies - everything you'd need for the summer
2015-06-02,19,41,[FreeFood] Free lamp and large fan
2015-06-02,19,59,[FreeFood] Lots of supplies
2015-06-02,20,3,[FreeFood] 2 liter bottle of Sprite and Coke
2015-06-02,21,28,[FreeFood] Lamp and rack
2015-06-02,21,59,[FreeFood] Free refrigerator and bike
2015-06-03,6,8,[FreeFood] Onions, Garlic, Balsamic Vinegar, Oil etc outside Spelman 35
2015-06-03,7,48,[FreeFood] Wine, triple sec, etc outside of Scully 223
2015-06-03,8,34,[FreeFood] Mac and Cheese
2015-06-03,8,52,[FreeFood] Belay hook, rug, school supplies, food, etc. outside little 46!
2015-06-03,10,9,[FreeFood]
2015-06-03,10,47,[FreeFood] Free Bike! (Guaranteed Pristine Condition -- Photo Included)
2015-06-03,11,7,[FreeFood] Cooking supplies and food outside of spelman 34
2015-06-03,12,25,[FreeFood] Lots of free stuff outside Brown 125
2015-06-03,15,38,[FreeFood] Box of free stuff outside Scully 268
2015-06-03,19,9,[FreeFood] food + misc outside Little 13
2015-06-04,2,14,[FreeFood] Lots of free stuff outside Brown 125
2015-06-09,4,21,[FreeFood] Food outside of 121 1937
2015-07-20,15,8,[FreeFood] Pellegrino, fanta, coke, juice outside pyne entryway 1
2015-07-20,16,21,[FreeFood] Food in Pyne Kitchen
2015-08-06,14,56,[FreeFood] Free food in LTL lobby
